{
  "hash": "718ef7a0",
  "configHash": "756dd4f9",
  "lockfileHash": "aaefff40",
  "browserHash": "23d26f92",
  "optimized": {
    "@angular/core": {
      "src": "../../../../../node_modules/@angular/core/fesm2022/core.mjs",
      "file": "@angular_core.js",
      "fileHash": "dc0853a3",
      "needsInterop": false
    },
    "@angular/platform-browser": {
      "src": "../../../../../node_modules/@angular/platform-browser/fesm2022/platform-browser.mjs",
      "file": "@angular_platform-browser.js",
      "fileHash": "4f208982",
      "needsInterop": false
    },
    "@angular/router": {
      "src": "../../../../../node_modules/@angular/router/fesm2022/router.mjs",
      "file": "@angular_router.js",
      "fileHash": "32656abb",
      "needsInterop": false
    },
    "@angular/common/http": {
      "src": "../../../../../node_modules/@angular/common/fesm2022/http.mjs",
      "file": "@angular_common_http.js",
      "fileHash": "95315346",
      "needsInterop": false
    }
  },
  "chunks": {
    "chunk-5DLHIEJY": {
      "file": "chunk-5DLHIEJY.js"
    },
    "chunk-XS4T6UDU": {
      "file": "chunk-XS4T6UDU.js"
    },
    "chunk-4SRVQOJF": {
      "file": "chunk-4SRVQOJF.js"
    }
  }
}